Date,Name,Year,Letterboxd URI
2023-12-28,The Grinch,2018,https://boxd.it/chpK
2023-12-28,Top Gun: Maverick,2022,https://boxd.it/cjr4
2023-12-28,Gran Turismo,2023,https://boxd.it/B2lS
2023-12-28,The Lord of the Rings: The Fellowship of the Ring,2001,https://boxd.it/2b5O
2023-12-28,Harry Potter and the Prisoner of Azkaban,2004,https://boxd.it/29Qy
2023-12-28,Harry Potter and the Chamber of Secrets,2002,https://boxd.it/29QI
2023-12-28,The Menu,2022,https://boxd.it/lScm
2023-12-28,The Lord of the Rings: The Two Towers,2002,https://boxd.it/2b5E
2023-12-28,The Batman,2022,https://boxd.it/eDGs
2023-12-28,Home Alone,1990,https://boxd.it/29Fg
2023-12-28,Oppenheimer,2023,https://boxd.it/wUow
2023-12-28,Indiana Jones and the Dial of Destiny,2023,https://boxd.it/b8vM